<?xml version="1.0" encoding="UTF-8"?>
<jcr:root xmlns:sling="http://sling.apache.org/jcr/sling/1.0" xmlns:cq="http://www.day.com/jcr/cq/1.0" xmlns:jcr="http://www.jcp.org/jcr/1.0" xmlns:mix="http://www.jcp.org/jcr/mix/1.0" xmlns:nt="http://www.jcp.org/jcr/nt/1.0"
    jcr:primaryType="cq:Page">
    <jcr:content
        cq:lastModified="{Date}2016-01-13T17:40:15.919+08:00"
        cq:lastModifiedBy="cpleyc"
        cq:lastReplicated="{Date}2019-12-04T17:46:03.635+08:00"
        cq:lastReplicatedBy="cplygab"
        cq:lastReplicationAction="Deactivate"
        cq:tags="[brand:brand-category/dining,brand:brand-type/cuisine/food_others]"
        cq:template="/apps/am/templates/adminPage"
        jcr:isCheckedOut="{Boolean}true"
        jcr:mixinTypes="[mix:versionable]"
        jcr:primaryType="cq:PageContent"
        jcr:title="cha-cha-the"
        jcr:uuid="fe24fe94-ff11-4804-911c-f4980a79cfde"
        sling:resourceType="am/components/page/admin-page">
        <image
            jcr:lastModified="{Date}2016-01-13T11:27:39.531+08:00"
            jcr:lastModifiedBy="cplmrm1"
            jcr:primaryType="nt:unstructured"
            imageRotate="0"/>
        <par
            jcr:primaryType="nt:unstructured"
            sling:resourceType="foundation/components/parsys">
            <brands_admin
                jcr:created="{Date}2016-01-13T11:27:46.775+08:00"
                jcr:createdBy="cplmrm1"
                jcr:lastModified="{Date}2016-01-13T11:30:31.522+08:00"
                jcr:lastModifiedBy="cplmrm1"
                jcr:primaryType="nt:unstructured"
                sling:resourceType="am/components/brands-info/brands-admin"
                brand-description="Created by Wang Chen Tsai-Hsia, founder of renowned Chinese fashion label Shiatzy Chen, Cha Cha Thé is a Taiwanese tea brand that reflects Chen’s sophisticated aesthetic. The brand sells a range of carefully chosen Chinese teas, stylish tea utensils, and sweet confectionary across Taiwan. At selected outlets, you can also dine on a delicious seasonal menu of western dishes with a pot of traditional Chinese tea or treat yourself to the Cha Cha Afternoon Tea Set in calm and beautiful surroundings combining western and Chinese design elements that have been given the tasteful “Shiatzy” touch."
                brand-image-1="/content/dam/am-content/brands/images/dining/cha-cha-the/1.jpg"
                brand-name="Cha Cha Thé"
                earning-rate-title="&lt;div class=&quot;conversion-rate&quot;>&lt;span>TWD30 &lt;/span> = {{amicon}}1&lt;/div>"
                how-you-earn="&lt;div>&lt;div>&lt;img class=&quot;center&quot; height=&quot;62&quot; src=&quot;/content/dam/am-content/tag/images/HowToEarn/pdetails_icn_remarksshowcard.png&quot; width=&quot;154&quot;>&lt;/div>&#xa;&lt;div>&lt;div class=&quot;center&quot;>Dine and present your membership card when paying your bill&lt;/div>&#xa;&lt;/div>&#xa;&lt;/div>&#xa;"
                images="[/content/dam/am-content/brands/images/dining/cha-cha-the/2.jpg,/content/dam/am-content/brands/images/dining/cha-cha-the/3.jpg,/content/dam/am-content/brands/images/dining/cha-cha-the/4.jpg,/content/dam/am-content/brands/images/dining/cha-cha-the/5.jpg,/content/dam/am-content/brands/images/dining/cha-cha-the/6.jpg,/content/dam/am-content/brands/images/dining/cha-cha-the/7.jpg,/content/dam/am-content/brands/images/dining/cha-cha-the/8.png]"
                is-new-brand="true"
                logo-image="/content/dam/am-content/brands/logo/dining/cha-cha-the/logo.png"
                max-spending="10000"
                min-spending="300"
                new-brand-end-date="2016-01-01"
                pdf-selection-type="no-pdf"
                spending-currency="TWD"
                terms-and-conditions-details="&lt;ol>&#xa;&lt;li>Asia Miles cannot be earned on certain promotional menus during festive seasons, other dining partner-related promotions, discounts and set menu. Members are advised to check with the dining partner(s) concerned prior to dining.&lt;/li>&#xa;&lt;li>Unless otherwise specified, mileage credits will be earned on total food and beverage spending including service charges and taxes, where applicable. Tips are excluded in all markets.&lt;/li>&#xa;&lt;li>Other &lt;a href=&quot;http://www.asiamiles.com/am/en/site/terms#8&quot;>Asia Miles terms and conditions &lt;/a>apply.&lt;/li>&#xa;&lt;/ol>&#xa;">
                <image-logo
                    jcr:lastModified="{Date}2016-01-13T11:30:31.522+08:00"
                    jcr:lastModifiedBy="cplmrm1"
                    jcr:primaryType="nt:unstructured"/>
                <image-brand-1
                    jcr:lastModified="{Date}2016-01-13T11:30:31.522+08:00"
                    jcr:lastModifiedBy="cplmrm1"
                    jcr:primaryType="nt:unstructured"/>
            </brands_admin>
        </par>
    </jcr:content>
    <cha-cha-the-taipei-daan-district-daanstore-1/>
    <cha-cha-the-taipei-daan-district-yanjistore-1/>
    <cha-cha-the-taipei-xinyi-district-shinkongmitsukoshistore-1/>
    <cha-cha-the-taipei-zhongshan-district-regentstore-1/>
    <cha-cha-the-taipei-daan-district-dunnanstore/>
    <cha-cha-the-newtaipei-banqiao-district-banqiaostore-1/>
    <cha-cha-the-taichung-taichungstore-1/>
    <cha-cha-the-kaohsiung-zuoying-district-hanshinarenastore-1/>
</jcr:root>
