<?xml version="1.0" encoding="UTF-8"?>
<jcr:root xmlns:cq="http://www.day.com/jcr/cq/1.0" xmlns:jcr="http://www.jcp.org/jcr/1.0" xmlns:rep="internal"
    jcr:mixinTypes="[rep:AccessControllable]"
    jcr:primaryType="cq:Page">
    <earn-partner/>
    <earn-offer/>
    <jcr:content/>
    <about-us/>
    <test/>
    <Register-entertainment/>
    <press-release/>
    <reset-password/>
    <request-reset-password/>
    <media-centre/>
    <career/>
    <help/>
    <home/>
    <earn-partner-v2/>
    <redeem-awards/>
    <mini-content/>
    <earn-offer-v2/>
    <others/>
    <latest-news/>
    <quick-start/>
    <entertainment/>
    <simplified-enrolment/>
    <destination/>
    <education/>
    <Congeodle/>
    <keyword-specific-terms/>
    <rep:policy/>
</jcr:root>
