<?xml version="1.0" encoding="UTF-8"?>
<jcr:root xmlns:sling="http://sling.apache.org/jcr/sling/1.0" xmlns:cq="http://www.day.com/jcr/cq/1.0" xmlns:jcr="http://www.jcp.org/jcr/1.0" xmlns:mix="http://www.jcp.org/jcr/mix/1.0" xmlns:nt="http://www.jcp.org/jcr/nt/1.0"
    jcr:primaryType="cq:Page">
    <jcr:content
        cq:lastModified="{Date}2019-01-31T10:31:21.640+08:00"
        cq:lastModifiedBy="cplygab"
        cq:lastReplicated="{Date}2019-12-04T17:49:40.643+08:00"
        cq:lastReplicatedBy="cplygab"
        cq:lastReplicationAction="Deactivate"
        cq:tags="[brand:brand-category/dining,brand:brand-type/cuisine/western]"
        cq:template="/apps/am/templates/adminPage"
        jcr:isCheckedOut="{Boolean}true"
        jcr:mixinTypes="[mix:versionable]"
        jcr:primaryType="cq:PageContent"
        jcr:title="beerliner"
        jcr:uuid="f2ff4cca-ec7d-4d20-91bc-c6f66cc6fcab"
        sling:resourceType="am/components/page/admin-page">
        <par
            jcr:primaryType="nt:unstructured"
            sling:resourceType="foundation/components/parsys">
            <brands_admin
                jcr:created="2015-07-23T10:06:28.354+08:00"
                jcr:lastModified="{Date}2019-01-31T10:31:21.636+08:00"
                jcr:lastModifiedBy="cplygab"
                jcr:primaryType="nt:unstructured"
                sling:resourceType="am/components/brands-info/brands-admin"
                brand-description="With a casual yet modern ambiance, Beerliner German Bar &amp;amp; Restaurant brings Germany&amp;#39;s best-known culinary traditions to Hong Kong. Head chef Jörn Henninger serves up a range of hearty dishes, including traditional Potato Cake, roasted pork knuckle, award-winning sausage and Flammkuchen (thin-crust pizza), along with exclusive premium German beers, cocktails, wines and schnapps."
                brand-image-1="/content/dam/am-content/brands/images/dining/berliner/german_sausage platter_and_roasted_pork_knuckle.jpg"
                brand-name="Beerliner German Bar &amp; Restaurant"
                earning-rate-title="&lt;div class=&quot;conversion-rate&quot;>&lt;span>HKD2 &lt;/span> = {{amicon}}1&lt;/div>"
                how-you-earn="&lt;div>&lt;p>&lt;img width=&quot;154&quot; height=&quot;62&quot; src=&quot;/content/dam/am-content/tag/images/HowToEarn/pdetails_icn_remarksshowcard.png&quot;>&lt;/p>&#xa;&lt;p>&lt;b>Step 1 - Set up&lt;/b>&lt;br>&#xa;Download and log in to the OpenRice App. To link your Asia Miles account, go to “Settings” and click “Connect Asia Miles account”. Fill in your details and click “Connect Now”.&lt;/p>&#xa;&lt;p>&lt;b>Step 2 - Dine Out&lt;/b>&lt;br>&#xa;When you pay the bill, show your Asia Miles QR code in the OpenRice App, Membership barcode in Asia Miles App, your membership card or co-branded credit card.&lt;/p>&#xa;&lt;p>&lt;b>Step 3 – Get the Miles&lt;/b>&lt;br>&#xa;Miles will be credited to your account within 7 days.&lt;/p>&#xa;&lt;/div>&#xa;"
                images="[/content/dam/am-content/brands/images/dining/berliner/r4_r2_fdo_2993.jpg,/content/dam/am-content/brands/images/dining/berliner/house_sausages.jpg,/content/dam/am-content/brands/images/dining/berliner/berliner_langham place_interior.jpg,/content/dam/am-content/brands/images/dining/berliner/homemade_blood_sausage.jpg,/content/dam/am-content/brands/images/dining/berliner/r4_r2_fdo_2990.jpg,/content/dam/am-content/brands/images/dining/berliner/pork_belly_sliders.jpg,/content/dam/am-content/brands/images/dining/berliner/potato_cake_with_country_meatloaf_and_oven_fried_egg.jpg]"
                logo-image="/content/dam/am-content/brands/logo/dining/berliner/beerliner-logo.png"
                max-spending="10000"
                min-spending="300"
                new-brand-end-date="2014-07-23"
                pdf-selection-type="pdf-path-selector"
                spending-criteria="&lt;div>&lt;div class=&quot;spending-block-left&quot;>&lt;div class=&quot;spending-content&quot;>&lt;div class=&quot;spending-title&quot;>Minimum Spend&lt;/div>&#xa;&lt;div class=&quot;spending-number&quot;>HKD 300&lt;/div>&#xa;&lt;/div>&#xa;&lt;/div>&#xa;&lt;div class=&quot;separator-container&quot;>&lt;div class=&quot;separator&quot; style=&quot;margin-top: 10px;&quot;>&amp;nbsp;&lt;/div>&#xa;&lt;/div>&#xa;&lt;div class=&quot;spending-block-right&quot;>&lt;div class=&quot;spending-content&quot;>&lt;div class=&quot;spending-title&quot;>Maximum Spend&lt;/div>&#xa;&lt;div class=&quot;spending-number&quot;>HKD 10,000&lt;/div>&#xa;&lt;/div>&#xa;&lt;/div>&#xa;&lt;/div>&#xa;"
                spending-currency="HKD"
                terms-and-conditions-details="&lt;ol>&#xa;&lt;li>Asia Miles cannot be earned on certain promotional menus during festive seasons, other dining partner-related promotions, discounts and set menu. Members are advised to check with the dining partner(s) concerned prior to dining.&lt;/li>&#xa;&lt;li>Unless otherwise specified, mileage credits will be earned on total food and beverage spending including service charges and taxes, where applicable. Tips are excluded in all markets.&lt;/li>&#xa;&lt;li>Other &lt;a href=&quot;http://www.asiamiles.com/am/en/site/terms#8&quot;>Asia Miles terms and conditions &lt;/a>apply.&lt;/li>&#xa;&lt;/ol>&#xa;"
                website="http://www.cafedecogroup.com">
                <image-logo
                    jcr:lastModified="{Date}2019-01-31T10:31:21.636+08:00"
                    jcr:lastModifiedBy="cplygab"
                    jcr:primaryType="nt:unstructured"/>
                <image-brand-1
                    jcr:lastModified="{Date}2019-01-31T10:31:21.636+08:00"
                    jcr:lastModifiedBy="cplygab"
                    jcr:primaryType="nt:unstructured"/>
            </brands_admin>
        </par>
    </jcr:content>
    <beerliner-discovery-bay-1/>
    <beerliner-olympian-city-2/>
    <berliner-w-square-3/>
    <beerliner-metroplaza-4/>
    <beerliner-tuen-mun-5/>
    <beerliner-whampoa-garden/>
    <beerliner-langham-place/>
    <beerliner-beer-house/>
</jcr:root>
