<?xml version="1.0" encoding="UTF-8"?>
<jcr:root xmlns:sling="http://sling.apache.org/jcr/sling/1.0" xmlns:cq="http://www.day.com/jcr/cq/1.0" xmlns:jcr="http://www.jcp.org/jcr/1.0" xmlns:mix="http://www.jcp.org/jcr/mix/1.0" xmlns:nt="http://www.jcp.org/jcr/nt/1.0"
    jcr:primaryType="cq:Page">
    <jcr:content
        cq:lastModified="{Date}2018-09-17T12:19:56.238+08:00"
        cq:lastModifiedBy="cppchrl"
        cq:lastReplicated="{Date}2020-12-18T14:32:27.329+08:00"
        cq:lastReplicatedBy="admin"
        cq:lastReplicationAction="Activate"
        cq:tags="[brand:brand-category/dining,brand:brand-type/cuisine/western]"
        cq:template="/apps/am/templates/adminPage"
        jcr:isCheckedOut="{Boolean}true"
        jcr:mixinTypes="[mix:versionable]"
        jcr:primaryType="cq:PageContent"
        jcr:title="coffee_alley_tw"
        jcr:uuid="0d67ad48-7050-4343-8423-fd7ae236de0f"
        sling:resourceType="am/components/page/admin-page">
        <par
            jcr:primaryType="nt:unstructured"
            sling:resourceType="foundation/components/parsys">
            <brands_admin
                jcr:created="{Date}2016-09-07T06:50:47.520Z"
                jcr:createdBy="cppdata"
                jcr:lastModified="{Date}2018-09-17T12:19:56.225+08:00"
                jcr:lastModifiedBy="cppchrl"
                jcr:primaryType="nt:unstructured"
                sling:resourceType="am/components/brands-info/brands-admin"
                brand-description="Founded in 2006, Coffee Alley is a popular coffee shop chain in Taipei, and the first Taiwanese coffee shop brand to open a branch overseas. In addition to coffee, it is known for its affordable, quality food and excellent service. Coffee Alley specializes in snacks and light meals, offering a wide range and variety, including muffins, sandwiches, waffles, millefeuille pastries, cakes and ice cream, and Southeast Asian-style rice and pasta dishes prepared to its own exclusive recipes. For drinks, choose Italian-style coffee, hand-brewed coffee, herbal tea, freshly squeezed juices, smoothies or craft beer. With its simple and elegant interior, including feature walls decorated with real plants to create a green, vibrant and relaxed atmosphere, Coffee Alley is the perfect venue for friends to catch up over a relaxed meal."
                brand-image-1="/content/dam/am-content/brands/images/dining/coffee_alley/coffeealley_1n.jpg"
                brand-name="Coffee Alley"
                earning-rate-title="&lt;div class=&quot;conversion-rate&quot;>&lt;span>TWD30 &lt;/span> = {{amicon}}1&lt;/div>"
                how-you-earn="&lt;p>&lt;img class=&quot;center&quot; src=&quot;/content/dam/am-content/tag/images/HowToEarn/pdetails_icn_remarksshowcard.png&quot; width=&quot;154&quot; height=&quot;62&quot;>&lt;/p>&#xa;&lt;ol>&#xa;&lt;li>Inform Staff that you want to earn Asia Miles from Dining when paying the bill.&lt;/li>&#xa;&lt;li>Present your own Asia Miles / Marco Polo Club Membership Card with your membership number in any form:&lt;br>&#xa;- Physical Membership Card or&lt;br>&#xa;- Mobile Membership Card or&lt;br>&#xa;- Co-branded Credit Card&lt;/li>&#xa;&lt;li>The staff will provide a receipt with stamp &amp;quot;Earned Asia Miles&amp;quot; for your record.&lt;/li>&#xa;&lt;li>Asia Miles will be credited to member’s account within 7 days.&lt;/li>&#xa;&lt;/ol>&#xa;"
                images="[/content/dam/am-content/brands/images/dining/coffee_alley/coffeealley_2n.jpg,/content/dam/am-content/brands/images/dining/coffee_alley/coffeealley_3n.jpg,/content/dam/am-content/brands/images/dining/coffee_alley/coffeealley_4n.jpg,/content/dam/am-content/brands/images/dining/coffee_alley/coffeealley_5n.jpg,/content/dam/am-content/brands/images/dining/coffee_alley/coffeealley_6n.jpg]"
                logo-image="/content/dam/am-content/brands/logo/dining/coffee_alley/coffeealley_logon.png"
                max-spending="10000"
                min-spending="300"
                new-brand-end-date="2018-02-28"
                pdf-selection-type="no-pdf"
                spending-currency="TWD"
                terms-and-conditions-details="&lt;ol>&#xa;&lt;li>Members must present their Asia Miles membership card at the time of payment. Asia Miles cannot be issued afterwards.&lt;/li>&#xa;&lt;li>Asia Miles cannot be earned on certain promotional menus during festive seasons, other dining partner-related promotions, discounts and set menu. Members are advised to check with the dining partner(s) concerned prior to dining.&lt;/li>&#xa;&lt;li>Unless otherwise specified, mileage credits will be earned on total food and beverage spending including service charges and taxes, where applicable. Tips are excluded in all markets.&lt;/li>&#xa;&lt;li>Asia Miles will be awarded to one member and his/her Asia Miles account for every single eligible spending and every dining table.&lt;/li>&#xa;&lt;li>Other &lt;a href=&quot;http://www.asiamiles.com/am/en/site/terms#8&quot; target=&quot;_blank&quot;>Asia Miles terms and conditions&lt;/a> apply.&lt;/li>&#xa;&lt;/ol>&#xa;">
                <image-logo
                    jcr:lastModified="{Date}2018-09-17T12:19:56.225+08:00"
                    jcr:lastModifiedBy="cppchrl"
                    jcr:primaryType="nt:unstructured"/>
                <image-brand-1
                    jcr:lastModified="{Date}2018-09-17T12:19:56.225+08:00"
                    jcr:lastModifiedBy="cppchrl"
                    jcr:primaryType="nt:unstructured"/>
            </brands_admin>
        </par>
        <image
            jcr:lastModified="{Date}2016-12-12T13:00:01.311Z"
            jcr:lastModifiedBy="cpplabo"
            jcr:primaryType="nt:unstructured"
            imageRotate="0"/>
    </jcr:content>
    <causeway_bay/>
    <tsim_sha_tsui1/>
    <tsim_sha_tsui11/>
    <tsim_sha_tsui111/>
    <Taichung/>
</jcr:root>
