<?xml version="1.0" encoding="UTF-8"?>
<jcr:root xmlns:cq="http://www.day.com/jcr/cq/1.0" xmlns:jcr="http://www.jcp.org/jcr/1.0" xmlns:rep="internal"
    cq:lastReplicated="{Date}2017-11-23T11:55:24.500+08:00"
    cq:lastReplicatedBy="admin"
    cq:lastReplicationAction="Activate"
    jcr:mixinTypes="[cq:ReplicationStatus,rep:AccessControllable]"
    jcr:primaryType="cq:Page">
    <dining/>
    <retail/>
    <finance/>
    <hotel/>
    <travel/>
    <telecom/>
    <testcomp/>
    <rep:policy/>
</jcr:root>
