<?xml version="1.0" encoding="UTF-8"?>
<jcr:root xmlns:sling="http://sling.apache.org/jcr/sling/1.0" xmlns:cq="http://www.day.com/jcr/cq/1.0" xmlns:jcr="http://www.jcp.org/jcr/1.0" xmlns:mix="http://www.jcp.org/jcr/mix/1.0" xmlns:rep="internal"
    jcr:mixinTypes="[rep:AccessControllable]"
    jcr:primaryType="cq:Page">
    <rep:policy/>
    <jcr:content
        cq:lastModified="{Date}2017-11-24T16:52:28.555+08:00"
        cq:lastModifiedBy="amllifestyle"
        cq:lastReplicated="{Date}2020-12-18T14:31:52.511+08:00"
        cq:lastReplicatedBy="admin"
        cq:lastReplicationAction="Activate"
        cq:template="/apps/am/templates/adminPage"
        jcr:isCheckedOut="{Boolean}true"
        jcr:mixinTypes="[mix:versionable]"
        jcr:primaryType="cq:PageContent"
        jcr:title="dining"
        jcr:uuid="78ed229b-3b27-4a86-83ca-d409bd50a8ab"
        sling:resourceType="am/components/page/admin-page"/>
    <_x0032_3-dolci/>
    <_x0033_60-bar-restaurant-lounge/>
    <_x0033_60-cafe/>
    <acqua-shangri-las-mactan-resort-spa-cebu/>
    <ah-yat-harbour-view-restaurant/>
    <ai-mei-chinese-restaurant/>
    <airport-izakaya/>
    <aji-bou-izakaya/>
    <alibi-wine-dine-be-social/>
    <allure-fine-french-cuisine-restaurant/>
    <al-molo/>
    <alto-88/>
    <amazake/>
    <angelini/>
    <assembly/>
    <a-train/>
    <avanti-pizzeria/>
    <avanti-ristorante/>
    <bacchus-restaurant/>
    <bella-singaraja-restaurant/>
    <berliner/>
    <bistecca-italian-steak-house/>
    <bistro-on-the-mile/>
    <b-line-by-a-train/>
    <blt-steak/>
    <bombay-dreams/>
    <bouchon-bistro-francais/>
    <brasserie-on-the-eighth/>
    <brasserie-westlake/>
    <bravo-palace/>
    <bread-street-kitchen-bar/>
    <bukhara-indian-grill-lounge/>
    <buko-bar-grill/>
    <bungalow/>
    <cabana/>
    <cafe-8-degrees/>
    <cafe-aficionado/>
    <cafe-allegro/>
    <cafe-bela-vista/>
    <cafe-cha/>
    <cafe-da-barra/>
    <cafe-deco-hong-kong-international-airport/>
    <cafe-deco-macau/>
    <cafe-deco-pizzeria/>
    <cafe-deco-the-peak-hong-kong/>
    <cafe-intercontinental-century-city-chengdu/>
    <cafe-neo/>
    <cafe-on-4/>
    <cafe-one/>
    <cafe-on-m/>
    <cafe-on-the-1st/>
    <cafe-on-the-park/>
    <cafe-panorama/>
    <cafe-rivoli/>
    <cafe-soo-shangri-la-hotel-suzhou/>
    <cafe-yum-shangri-la-hotel-qingdao/>
    <cafe-zen/>
    <caliente/>
    <california-restaurant/>
    <cammino/>
    <canton-pot/>
    <caviar-house-and-prunier-seafood-bar/>
    <cecconis-italian/>
    <celestial-court-chinese-restaurant/>
    <centre-street-bar/>
    <centre-street-kitchen/>
    <cha-cha-the/>
    <cha-lounge/>
    <champagne-gallery/>
    <champs-bar-grill/>
    <chatz/>
    <cheena-elite/>
    <chinese-restaurant-intercontinental-century-city-chengdu/>
    <chinmiya/>
    <clemenceaus-bar/>
    <clifford/>
    <cloud-nine-bar/>
    <club-china/>
    <club-chow/>
    <coco-by-the-mira/>
    <coffee-garden-shenzhen/>
    <comme-chez-vous-private-restaurant/>
    <common-room/>
    <cowrie-cove/>
    <craft-steak/>
    <cuisine-cuisine/>
    <czarina-1964/>
    <daccapo/>
    <dada-bar-lounge/>
    <delicious-wild-mushrooms/>
    <dickens-bar/>
    <dong-lai-shun/>
    <dragon-inn/>
    <edo-japanese-restaurant-hk/>
    <edo-japanese-restaurant-venetian-shop/>
    <es-bar/>
    <favola-italian-restaurant/>
    <finds/>
    <flint-grill-bar/>
    <foodpanda-hongkong/>
    <foodpanda-singapore/>
    <forte/>
    <fragrance-chinese-restaurant/>
    <fridge-hk/>
    <garden-cafe/>
    <garden-cafe-admiralty/>
    <gaucho-steak-restaurant/>
    <george-co/>
    <gold-coast-oyster-and-seafood-restaurant-nape/>
    <gold-coast-oyster-and-seafood-restaurant-soho/>
    <golden-leaf/>
    <gourmet/>
    <grand-emperor-court/>
    <grappas-chek-lap-kok/>
    <greens-cafe/>
    <grill-n-more/>
    <gui-hua-lou/>
    <harbour-grand-cafe/>
    <harbour-grill/>
    <hard-rock-cafe-hong-kong/>
    <heat/>
    <hee-kee-crab-general/>
    <hee-kee-crab-general-chongqing/>
    <hee-kee-crab-general-guangzhou/>
    <hee-kee-fried-crab-expert-ltd/>
    <hee-kee-fried-crab-expert-ltd-guangzhou/>
    <hee-kee-fried-crab-expert-ltd-guiyang/>
    <hoi-king-heen/>
    <hoi-yat-heen-chinese-restaurant/>
    <hoi-yat-heen-hunghom-hong-kong/>
    <hungs-delicacies/>
    <in-restaurant/>
    <ip-cafe/>
    <itamae-sushi-hong-kong-international-airport/>
    <jade/>
    <jade-on-36-restaurant/>
    <jade-on-36-bar/>
    <jade-terrace-restaurant/>
    <jashan-celebrating-indian-cuisine/>
    <jimbaran-gardens-restaurant/>
    <jinbao-99/>
    <jojo-indian-restaurant/>
    <kazuo-okada/>
    <kitchen/>
    <ko-intercontinental-bali-resort/>
    <kwan-cheuk-heen/>
    <kwun-hoi-heen/>
    <kyoto-joe/>
    <la-brasserie/>
    <la-locanda/>
    <la-paloma-restaurant/>
    <la-rotisserie/>
    <la-saison/>
    <le-188-restaurant-lounge/>
    <leau-restaurant/>
    <le-bistrot/>
    <lee-feng-san-shifus-meimen-food-beverage-union/>
    <le-soleil/>
    <lhotel-group-participating-properties-banquet-services/>
    <lis-cafe/>
    <lobby-lounge/>
    <lobby-lounge-conrad-hong-kong/>
    <lobby-lounge-edsa-shangri-la-manila/>
    <lobby-lounge-harbour-grand-hong-kong/>
    <lobby-lounge-pudong-shangri-la-shanghai/>
    <lobby-lounge-shangri-la-hotel-beijing/>
    <lobby-lounge-shangri-la-hotel-ningbo/>
    <lobby-lounge-shangri-la-hotel-qingdao/>
    <lobby-lounge-shangri-la-hotel-shenzhen/>
    <lobby-lounge-shangri-la-hotel-suzhou/>
    <lobby-lounge-shangri-las-mactan-resort-spa-cebu/>
    <lobster-bar-grill/>
    <locofama/>
    <loong-toh-yuen/>
    <loong-yat-heen/>
    <loong-yuen-cantonese-restaurant/>
    <loyal-dining/>
    <lua-azul/>
    <lupa/>
    <lux-bar-tapas/>
    <madeira-portuguese-restaurant/>
    <main-st--deli/>
    <majestic-lounge/>
    <mama-san/>
    <manhattan-grill-and-bar/>
    <man-ho-chinese-restaurant/>
    <manzo/>
    <marble-restaurant/>
    <mariners-rest/>
    <maxims-henris-galley/>
    <mei-jiang-chinese-restaurant/>
    <meng-mun-hot-pot/>
    <mezzo/>
    <ming-court/>
    <ming-palace/>
    <monsoon/>
    <naam-thai-restaurant/>
    <nadaman/>
    <nadaman-pudong-shangri-la-east-shanghai/>
    <nagomi/>
    <nahm/>
    <nicholinis/>
    <nishimura-beijing/>
    <nomads/>
    <o3-bar-cafe/>
    <olive/>
    <opiarium-bar/>
    <osteria-ristorante-italiano/>
    <oyster-wine-bar/>
    <pacific-bar/>
    <pak-loh-chiu-chow-restaurant/>
    <palco-ristorante/>
    <palm-court/>
    <panorama-lounge/>
    <paparazzi/>
    <paris-1930/>
    <peak-cafe-bar/>
    <pierside-bar-restaurant/>
    <poolside-bar/>
    <yuyuan-shanghainese-cuisine/>
    <sohofama/>
    <the-night-market/>
    <the-place/>
    <the-trafalgar-brewing-company/>
    <the-windsor/>
    <royal-orchid-chinese-restaurant/>
    <royal-robatayaki/>
    <royal-kitchen/>
    <the-window-cafe/>
    <yu-lei/>
    <regal-hotels-international-banquet-services-shanghai/>
    <yamm/>
    <the-landing-point/>
    <the-market-place-buffet-restaurant/>
    <the-lobby-lounge/>
    <robatayaki/>
    <red-capital-club/>
    <vi/>
    <satay-inn-city-garden-hotel/>
    <velocity-bar-grill/>
    <rivoli-cafe-regal-jinfeng-hotel/>
    <vedas/>
    <whisky-stables/>
    <satay-inn-gold-coast/>
    <the-food-gallery/>
    <river-cafe-terrace-restaurant/>
    <regal-hotels-international-banquet-services-hong-kong/>
    <the-lounge-hk-international-airport/>
    <the-backyard/>
    <shang-palace-shangri-la-hotel-qingdao/>
    <royal-pacific-hotel-and-towers-banquet-service/>
    <shanghai-min/>
    <the-peak-chinese-restaurant/>
    <the-lounge/>
    <s-t-a-y-/>
    <shang-palace-shangri-la-hotel-shenzhen/>
    <shore/>
    <the-parlour/>
    <the-bostonian-restaurant/>
    <room-one/>
    <the-china-coast-bar-grill/>
    <the-chatterbox/>
    <the-china-coast-pub-restaurant/>
    <q-bar/>
    <spice-restaurant-and-bar/>
    <the-mistral/>
    <satay-inn-hong-kong-city/>
    <sing-yin-cantonese-dining/>
    <pine-court-meritus-mandarin-haikou/>
    <yue-rong-xuan/>
    <yue-gold-coast/>
    <yue/>
    <yi-cafe-pudong-shangri-la-shanghai/>
    <town-restaurant/>
    <regal-court/>
    <steak-exchange-restaurant-bar/>
    <tea-house/>
    <yi-cafe-shangri-la-hotel-ningbo/>
    <temple-club/>
    <tea-of-spring/>
    <thiptara-thai-restaurant/>
    <sunset-bar/>
    <senju/>
    <stadium-cafe/>
    <stables-grill/>
    <the-point/>
    <st--george/>
    <shang-palace-shangri-la-hotel-suzhou/>
    <shang-palace-shangri-la-hotel-beijing/>
    <shanghai-4-5-6--restaurant/>
    <regal-palace/>
    <soho-spice/>
    <studio-city-bar-cafe/>
    <senzuru-japanese-restaurant/>
    <stormies/>
    <waterfront-bar-terrace/>
    <skyzone-resturant-and-lounge/>
    <tango-argentinian-steak-house/>
    <summer-palace-edsa-shangri-la-manila/>
    <restaurant-suntory/>
    <shanghailo/>
    <tien-hsiang-lo/>
    <the-bar/>
    <the-lobby-at-the-peninsula-bangkok/>
    <tang-court/>
    <the-terrace-airport-world-trade-centre-club/>
    <tien-he/>
    <toro-steak-house-gastro-bar/>
    <unkai-japanese-restaurant/>
    <whisk/>
    <riva-and-the-deck/>
    <regal-court-regal-jinfeng-hotel/>
    <regal-terrace/>
    <skycity-bistro/>
    <thai-orchids-cafe-bar/>
    <the-point-pizza-pasta-1/>
    <vibes/>
    <pontis-ristorante/>
    <the-promenade/>
    <promenade-restaurant/>
    <totts-and-roof-terrace/>
    <wildfire/>
    <saraswati-lounge/>
    <shang-palace-shangri-la-hotel-ningbo/>
    <trattoria-doppio-zero/>
    <taman-gita-terrace/>
    <the-courtyard/>
    <tokoro-robatayaki-sushi-bar/>
    <rouge/>
    <tack-hsin-restaurant/>
    <yee-tung-heen/>
    <the-royal-garden-chinese-restaurant/>
    <the-cafe/>
    <tides/>
    <prince-restaurant/>
    <top-of-one/>
    <sushi-bar-by-nadaman/>
    <tromba-rija/>
    <red-rest/>
    <w28-steak-house/>
    <tokuoki-beef-shabu/>
    <tokuya-yakiniku/>
    <prego-italian/>
    <pivo-czech-bar/>
    <wa-kan-yaki-korean-and-japanese-grill/>
    <wa-you-kan-contemporary-european-and-japanese-cuisine/>
    <restoration/>
    <san-antonio-french-restaurant/>
    <taj-sonoma-steak-house/>
    <champ-kitchen/>
    <empire-city-huaiyang/>
    <granville-island-hong-kong/>
    <hanabi/>
    <kam-lai-heen/>
    <koh-thai/>
    <modern-china-restaurant/>
    <nur/>
    <shop-9-restaurant-lounge/>
    <soi-7/>
    <sonata-western-restaurant/>
    <table/>
    <the-cake-shop/>
    <vasco/>
    <eztable-indonesia/>
    <eztable-hongkong/>
    <eztable-thailand/>
    <eztable/>
    <issaya-siamese-club-hong-kong/>
    <urban-park/>
    <yum-cha/>
    <la-brasserie-restaurant/>
    <champ-hot-pot/>
    <chiou-hwa-restaurant/>
    <hwa-young-restaurant/>
    <lidiot-restaurant/>
    <lidiot-bakery/>
    <mu-restaurant/>
    <mu-lounge/>
    <_x0033_33-restaurant-bar/>
    <tk-seafood-steak/>
    <east-end/>
    <primavera/>
    <tangs-cuisine/>
    <social-place/>
    <nana-cafe-lounge/>
    <amazake-sushi-bar/>
    <london-house/>
    <another-place/>
    <schnee-german-restaurant/>
    <cozzi-kitchen/>
    <gustoso-italian-restaurant/>
    <le-petit/>
    <the-roof/>
    <urban-331/>
    <_x0031_949-duck-de-chine/>
    <megans-kitchen/>
    <ginza-west/>
    <the-first-floor-by-lifestyle-federation/>
    <gradini-ristorante-e-bar-italiano/>
    <fish-and-chick-plus/>
    <paul-lafayet/>
    <the-restaurant-by-the-kinnet/>
    <hei-house/>
    <blesscuit-limited-hk/>
    <blesscuit-limited-macau/>
    <sky726/>
    <aditis-house/>
    <island-1-kitchen/>
    <de-reve-cafe/>
    <brotzeit-german-bier-bar-restaurant/>
    <tsuwu-hot-spring-tsuwu-library/>
    <tsuwu-hot-spring-chao-shan-restaurant/>
    <le-pain-quotidien/>
    <verde-mar/>
    <daan9/>
    <playt/>
    <beerhouse/>
    <he-tea/>
    <t-guan/>
    <ton-sushi/>
    <ton-28/>
    <papermoonthai/>
    <watermark/>
    <pickled-pelican/>
    <alto-bar-grill/>
    <theboathouse/>
    <tgm/>
    <thebar/>
    <thegreenmarket/>
    <flightclub/>
    <cafe_deco_the_one/>
    <champ-kitchenbar/>
    <fujiyama-mama/>
    <jimmys-kitchen-central/>
    <jimmys-kitchen-kowloon/>
    <lu-feng/>
    <naha/>
    <osteria-felice/>
    <the-peak-lookout-airport/>
    <the-peak-lookout-hk/>
    <tims-kitchen-elements/>
    <xia-xiao-fei/>
    <the-fat-pig-by-tom-aikens/>
    <the-pawn/>
    <classified/>
    <the-garage/>
    <bostonian/>
    <avanti_pizzeria_1016/>
    <island-2-kitchen/>
    <sift-desserts/>
    <the-patio-bar/>
    <zhu_coffee/>
    <chez_ed/>
    <dazzling-cafe-garden/>
    <mikkeller/>
    <bizou/>
    <spiga/>
    <sportful_garden/>
    <dazzling-cafe/>
    <maison_es/>
    <hon10/>
    <naha_okinawan/>
    <dazzling-cafe1/>
    <slow_life/>
    <beerliner/>
    <french_window/>
    <zero/>
    <jw_cafe/>
    <the_lounge/>
    <man_ho/>
    <d_town_by_a_train/>
    <cocoon/>
    <gmt_gourmet_kitchen/>
    <chiu_yuet_fong/>
    <haruyama/>
    <mipon/>
    <fortune/>
    <dragon_noodles_academy/>
    <cafe_rosie/>
    <wired_cafe/>
    <cull_n_pistol/>
    <salted_pig/>
    <amaroni/>
    <dan_ryan/>
    <community_cafe/>
    <viet_lime/>
    <lilya_partner/>
    <lok_hue_hng/>
    <openrice/>
    <openrice_macau/>
    <hoi_wan_heen/>
    <mariner_bay/>
    <the_stable/>
    <heritage_parlour/>
    <shoku_japanese/>
    <kishoku_fine/>
    <yin_yue/>
    <bibo/>
    <hot_shot/>
    <djapa/>
    <the_ocean/>
    <umi_dining/>
    <the_lighthouse/>
    <tri/>
    <le_reve/>
    <italiani/>
    <the_coffee_academics/>
    <beef_and_liberty/>
    <qipao/>
    <hainan_shaoye/>
    <ammo/>
    <alma/>
    <hawker_18/>
    <la_famille/>
    <ibell/>
    <coffee_alley_tw/>
    <tapas/>
    <brick_lane/>
    <theater_cafe/>
    <_x0037_teahouse/>
    <cacao-patisserie/>
    <locksmith/>
    <capital_steak_house/>
    <yuyuan_chinese_restaurant/>
    <pinjhuan/>
    <steam_fresh/>
    <jan_jan/>
    <artalley_cafe/>
    <tze_yuet_heen/>
    <cielo/>
    <smexy/>
    <lost_stars/>
    <ms_gardener/>
    <tong_an_family/>
    <the_alchemist_cafe_bistro/>
    <van_gogh_senses/>
    <toba_nagoya_cuisine/>
    <lao_guo/>
    <putien/>
    <toba_yakitori/>
    <power_beef_roast_beef/>
    <ichigen/>
    <hanamidori/>
    <power_beef_shabu_shabu/>
    <soup_curry_garaku/>
    <taipei_toriki/>
    <hutong/>
    <ecriture/>
    <prime_rib/>
    <the_drunken_pot/>
    <apriana/>
    <ninety/>
    <walkingbook/>
    <peacock_bistro/>
    <salt_peanuts_cafe/>
    <jia_jia_tea/>
    <comptoir/>
    <metropolitian/>
    <french_american_bistro/>
    <eiffelbistro/>
    <pastis/>
    <saintgermain/>
    <cafe_claudel/>
    <lattitude/>
    <dear_lilly/>
    <fleisch_ginspiration_bar/>
    <saturn_landing_coffee/>
    <fleisch_cafe_taiwan/>
    <fleisch_bar/>
    <fleisch_private_kitchen/>
    <fleisch_tea_house/>
    <shiki_etsu_japanese/>
    <kung_tak_lam/>
    <sushi_tsubomi/>
    <town_by_bryan_nagao/>
    <oneday_co/>
    <du_hsiao_yueh/>
    <cali_mex_bar_grill/>
    <so_show/>
    <los_sotano/>
    <ophelia/>
    <xiong_he_bbq/>
    <palman_chongqing_hot_pot/>
    <top_grade_hot_pot/>
    <_x0035_2_bar_and_bistro/>
    <ava_restaurant_slash_bar/>
    <nara_thai_cuisine/>
    <fu-rong/>
    <acme_breakfast/>
    <kamon_teppanyaki/>
    <sushi_jin/>
    <green_in_hand/>
    <yang_xin_dian/>
    <add_prince/>
    <three_on_canton/>
    <lobby_lounge_sep18/>
    <be_on_canton/>
    <cafe_marco_sep18/>
    <cucina/>
    <a_nu_retrouvez_vous/>
    <ron_xinyi/>
    <elia_restaurant_and_lounge/>
    <the_seafood_hotpot/>
    <hidagyu_seafood_hotpot/>
    <maison_de_sanyu/>
    <dragonfly_oct18/>
    <maze_grill_oct18/>
    <bistro_seoul/>
    <Piqniq_nov_18/>
    <i_know_john/>
    <wall_is_eat/>
    <beijing_home/>
    <lof10/>
    <sushi_moon/>
    <prestige_house_repulse_bay/>
    <harbourside/>
    <nobu_intercontinental_hong_kong/>
    <rech_by_alain_ducasse/>
    <uptop_bistro_and_bar/>
    <shabushabu/>
    <ji_pin_restaurant/>
    <qiyan_one/>
    <Piacere/>
    <little_break_coffee_kitchen/>
    <san_ka_la/>
    <thai_ger/>
    <fong_waa_Parlour/>
    <coffee_alley_hk/>
    <sushi_sora/>
    <blue_supreme/>
    <maruju_japanese_shokudo/>
    <quan_alley/>
    <umai_sushikan/>
    <maruju_sushi_japanese_shokudo/>
    <yamataka/>
    <haku/>
    <tonic/>
    <beeliner/>
    <stormies_2019/>
    <made_in_hk_restaurant/>
    <piva/>
    <beer_house/>
    <sushi_yorokobu/>
    <dim_sum_bar/>
    <zero_2019/>
    <pickled_pelican/>
    <bubba_gump_shrimp_co/>
    <he_she_eat/>
    <studio_club/>
    <japjap_bikini_cafe_bar/>
    <urban_lounge/>
    <urban_cafe/>
    <la_scala/>
    <chou_chou/>
    <longtail/>
    <wildwood/>
    <bellevue_bar_and_grill/>
    <reserva_iberica_signature_kitchen/>
    <sushi_kin/>
    <chope/>
    <espuma/>
    <bar_mood/>
    <the_continental/>
    <mr_and_mrs_fox/>
    <public/>
    <republic/>
    <ground_public/>
    <plat_du_jour/>
    <nabemuteki/>
    <uramuteki/>
    <mutekimeatlab/>
    <muteki/>
    <colonnade/>
    <celadon/>
    <la_scala_bangkok/>
    <Congeodle/>
    <DynastyGarden/>
    <LePan/>
    <Matsunichi/>
    <LAROME/>
    <SaoBaoBar/>
    <silencio/>
    <yen/>
    <yen_bar/>
    <woobar/>
    <the_kitchen_table/>
    <roundabout_cafe/>
    <cruise/>
    <the_farmhouse/>
    <the_farmhouse_deli/>
    <le_39v_hong_kong/>
    <woo_taiwan/>
    <gyen_hutong/>
    <testsuper/>
    <rsl_hotel_taipei_zhonghe_red/>
    <rsl_hotel_taipei_zhonghe_the_bar/>
    <mao_fun/>
    <little_su/>
    <sakanakun/>
    <craft_cafe/>
    <wok_on_the_park/>
    <cafe_circles/>
    <corner_18/>
    <sichuan_lab/>
    <hunter_and_the_chase/>
    <cafetoff/>
    <marmeleira_seafood/>
    <leibistro/>
    <mr_meat_hot_pot_and_butchery/>
    <unflavored/>
    <hEat/>
    <lei_garden/>
    <lin_chin_sheng_hsiang/>
    <aroma_study_house/>
    <kindkitchenbygreencommon/>
    <the_chapter_cafe/>
    <in_between/>
    <draftland/>
    <sodam_chicken/>
    <steak_bar/>
    <olympic_million_gaze/>
    <Ebisoba_lchigen_X_Hutong_lzakaya/>
    <duck_waffle/>
    <sakanakuntavern/>
    <koyama_tea_lounge/>
    <kuisine/>
    <arena_bar_by_zerve/>
    <baba8_entc/>
    <tenkei/>
    <zerve_bar/>
    <jk_studio/>
    <cafe103/>
    <ozone/>
    <dragon_house/>
    <champagne_bar/>
    <grand_cafe/>
    <grand_hyatt_steakhouse/>
    <grissini/>
    <kaetsu/>
    <one_harbour_road/>
    <the_grill/>
    <the_waterfall_bar/>
    <tiffin/>
    <zeng/>
    <afterwork_by_acme/>
    <ulove_bistro/>
    <poem/>
    <xiaoyuhotpot_restaurant/>
    <ocard1/>
    <greedy_bistronomy_cafe/>
    <chocolatier/>
    <prime_one_steak_house/>
    <pho_dle_bar/>
    <the_teppanroom_grand_hyatt/>
    <purebread_bakery/>
    <liquid_bread_company/>
    <bar_lounge/>
    <cafe_a/>
    <xiao_fang_zhou_lzakaya/>
    <mao_don/>
    <eatology/>
    <ru_chinese_restaurant/>
    <braza_churrascaria/>
    <kafnu_restaurant_bar/>
    <reign_the_abalone_house/>
    <habitu_caffe/>
    <habitu_table/>
    <sud_vista/>
    <campsite/>
    <bravo_pizza_pasta/>
    <amare_bistro_wine/>
    <ryota_kappou_modern/>
    <life_kitchen/>
    <harbourside_grill/>
    <de_belgie/>
    <reserva_iberica_tapas_bar_and_cafe/>
    <reserva_iberica_the_ham_shop/>
    <omg_seafood_bbq/>
    <the_grand_ballroom_the_langham_hongkong/>
    <bistro_la_bon_oyster_bar_grill/>
    <monsoon1/>
    <tai_thai_nanyang_bistro/>
    <glow/>
    <toucheart_coffee/>
    <creek/>
    <moonmoonfood/>
    <migu_village/>
    <holiho_bistro/>
    <gyen_hutong_yakiniku_dining_bar/>
    <sakanakunnichiba/>
    <tai_thai_bento_delivery/>
    <kin_kan_en/>
    <cozzi_market/>
    <yi_hui_xuan/>
    <blu_bar/>
    <twinkle_baker_decor/>
    <yataki/>
    <fiamma_by_enrico_bartolini/>
    <cutaway/>
    <cafe_gray_deluxe/>
    <boticario/>
    <Hwa_young_dim_sum_global_mall_taoyuan_a8/>
    <jupjup_craft_beer_bar_lzakaya/>
    <icarry/>
    <reserve_iberica_tapas_bar_restaurant/>
    <mariposa_bistro/>
    <eside_bond/>
</jcr:root>
